#,Название,Ссылки для загрузки Ютуб,Ссылки для загрузки ВК,Текст к уроку,Файл,Комменты (для себя),Старые ссылки figma
,Предобучающая неделя,,,,,,
Пост 1,"Кружок от меня ""Это канал нашего потока, в пн откроется первая неделя обучения, надеюсь вы заряжены и тд""",https://t.me/c/3549900242/15,,,,,
Пост 2,Давайте знакомиться,https://t.me/c/3549900242/13,,,,,
Пост 3,"Урааа, началось обучение",https://t.me/c/3549900242/16,,,,,
,Неделя 0 (18.08.25 - 24.08.25) Знакомство с Фигмой через бесплатный МК,,,,,,
,Уроки,,,,,,
Урок 0.1,Добро пожаловать на обучение!,https://youtu.be/O6sC5HR1v1I,https://vkvideo.ru/video-199746853_456239502,,,,
Урок 0.3,Что будешь уметь после обучения,https://youtu.be/9XNoxv8kPeI,https://vkvideo.ru/video-199746853_456239503,,,,
Урок 0.4,Знакомство с Figma,https://youtu.be/NfnH7k4QiSA,https://vkvideo.ru/video-199746853_456239372,,https://www.figma.com/design/rLkVTmn9ffVFFcAFkHF3Ke/%D0%9C%D0%9A---%D0%9F%D1%80%D0%B0%D0%BA%D1%82%D0%B8%D0%BA%D0%B0-1?node-id=0-1&t=UwAfo3Q86GJ61oNu-1,,
Урок 0.5,Знакомство с Pixso,https://youtu.be/3SjDHfIn53s?si=flG75lM20bFIQvpP,https://vkvideo.ru/video-199746853_456239504,Текст с урокам,https://pixso.net/app/design/G_25Ru8HhkSsbqorIlqeHA,,
Материал,Конструктор SMART-целей,https://goals-rigayaya.netlify.app/,,,,,
Материал,Toggle Track,https://youtu.be/QW0pbYXiB5M,https://vkvideo.ru/video-199746853_456239505,,,,
Материал,Календарь планирования (Goggle/Apple),https://youtu.be/c_cgMZqfNeM,https://vkvideo.ru/video-199746853_456239506,,,,
Практика 0,Повторить урок по Figma/Pixso,ДЗ Поток 6,,,,,
Пост 5,С началом нулевой недели,https://t.me/c/3549900242/14,,,,,
Пост 5,"Подкаст ""Как не утонуть в материалах""",https://t.me/c/3549900242/2,,,,,
,Неделя 1 (25.08.25 - 31.08.25),,,,,,
Урок 1.1,Обзор инструментария Фигмы,https://youtu.be/Yer7Bl0MaUk,https://vkvideo.ru/video-199746853_456239378?list=ln-OWROVRrXW6tzFtZiAg,,,,
,,https://www.figma.com/design/1Q6WkGVfcQzH77SGSLTi8r/%D0%A4%D0%B8%D0%B3%D0%BC%D0%B0-_--Photopea?t=oBZb1cDViERsntl2-1,,,,,https://www.figma.com/design/rgeWu5VkFWJfOviA6F3R0I/%D0%A4%D0%B8%D0%B3%D0%BC%D0%B0----Photopea?m=auto&t=jfvOlvjDCKaaYChB-1
Урок 1.2,"Базовые навыки в дизайне (работа с композицией, шрифтами, цветами)",https://www.youtube.com/playlist?list=PLb6s4SDX8kEY5_xuoKucn3Df609aaBZz6,,,,,
,Базовые навыки дизайна | Часть 1. Композиция,,https://vkvideo.ru/video-199746853_456239379,,,,
,Базовые навыки дизайна | Часть 2. Типографика,,https://vkvideo.ru/video-199746853_456239380,,,,
,Базовые навыки дизайна | Часть 3. Колористика,https://www.figma.com/design/wAquij483jO7kQ8JOoax9y/%D0%A3%D1%80%D0%BE%D0%BA-2.-%D0%91%D0%B0%D0%B7%D0%BE%D0%B2%D1%8B%D0%B5-%D0%BF%D1%80%D0%B8%D0%BD%D1%86%D0%B8%D0%BF%D1%8B-%D0%B4%D0%B8%D0%B7%D0%B0%D0%B9%D0%BD%D0%B0?node-id=0-1&t=SfWWvXTAeQhkTCCE-1,https://vkvideo.ru/video-199746853_456239381,,,,https://www.figma.com/file/srmtnGXBgZuUUqSBLBq3hg/%D0%A3%D1%80%D0%BE%D0%BA-2.-%D0%91%D0%B0%D0%B7%D0%BE%D0%B2%D1%8B%D0%B5-%D0%BF%D1%80%D0%B8%D0%BD%D1%86%D0%B8%D0%BF%D1%8B-%D0%B4%D0%B8%D0%B7%D0%B0%D0%B9%D0%BD%D0%B0?type=design&mode=design&t=G7z1URZtW2ley0mb-1
Урок 1.3,Мудборд ,https://youtu.be/FM-XNG2CY2E,https://vkvideo.ru/video-199746853_456239383?list=ln-RUhG3PRMRaZlUpH7k2,,,,
,,https://www.figma.com/design/JoKFOtr53m3kfQbhuYoqe7/%D0%9F%D1%80%D0%B8%D0%BC%D0%B5%D1%80%D1%8B-%D0%BC%D1%83%D0%B4%D0%B1%D0%BE%D1%80%D0%B4%D0%BE%D0%B2--%D0%BE%D1%88%D0%B8%D0%B1%D0%BA%D0%B8?node-id=0-1&t=pUAooVXKSkFks3Fr-1,,,,,https://www.figma.com/design/ADHlFmkCNwkF7NAR1xlQOL/%D0%9F%D1%80%D0%B8%D0%BC%D0%B5%D1%80%D1%8B-%D0%BC%D1%83%D0%B4%D0%B1%D0%BE%D1%80%D0%B4%D0%BE%D0%B2--%D0%BE%D1%88%D0%B8%D0%B1%D0%BA%D0%B8?node-id=0-1&t=9XGd7lqT1K9TZ24R-1
Чайный урок 1.4,Photopea,https://youtu.be/tx_siFDjJmg,https://vkvideo.ru/video-199746853_456239377?list=ln-tYLl8TLoV0YqbWqpGk,,,,
,,https://www.figma.com/design/1Q6WkGVfcQzH77SGSLTi8r/%D0%A4%D0%B8%D0%B3%D0%BC%D0%B0-_--Photopea?t=oBZb1cDViERsntl2-1,,,,,https://www.figma.com/design/1Q6WkGVfcQzH77SGSLTi8r/%D0%A4%D0%B8%D0%B3%D0%BC%D0%B0-_--Photopea?m=auto&t=RO1636S0pxABaQjF-1
Чайный урок 1.5,Как усилить концепции? ОС на реальном проекте,https://youtu.be/qHub7lwuuMQ,https://vkvideo.ru/video-199746853_456239392,,,,
Материал,Методичка: выбор ниши для редизайна,https://narrow-thief-769.notion.site/7-251f316a3da78085a862ef687ec5d844?source=copy_link,,,,,
Материал,Рандомайзер для выбора ниши,https://www.figma.com/design/azWzEGNpNsCnqspWIr7cbm/%D0%A0%D0%B0%D0%BD%D0%B4%D0%BE%D0%BC%D0%B0%D0%B9%D0%B7%D0%B5%D1%80-%D0%A2%D0%97?t=k6atajbPQmO6ucxR-1,,,,,https://www.figma.com/proto/PyHtb5O99yb836BH9quaPR/%D0%A0%D0%B0%D0%BD%D0%B4%D0%BE%D0%BC%D0%B0%D0%B9%D0%B7%D0%B5%D1%80-%D0%A2%D0%97?node-id=1-2&t=tLMV0XUfsqmgNYLR-1&scaling=scale-down&content-scaling=fixed&page-id=0%3A1&starting-point-node-id=1%3A2
Материал,Файл с готовыми мудбордами,https://www.figma.com/design/23YqThjMHjUxTyyNqJ9CO2/%D0%9C%D1%83%D0%B1%D0%B4%D0%BE%D1%80%D0%B4%D1%8B-%D0%B4%D0%BB%D1%8F-%D1%80%D0%B0%D0%B7%D1%80%D0%B0%D0%B1%D0%BE%D1%82%D0%BA%D0%B8-%D1%81%D0%B0%D0%B9%D1%82%D0%B0?t=bYAp34egSEkuDJ0S-1,,,,,https://www.figma.com/design/xLmek5j3Yc7kcbBGbwyD9s/%D0%9C%D1%83%D0%B1%D0%B4%D0%BE%D1%80%D0%B4%D1%8B-%D0%B4%D0%BB%D1%8F-%D1%80%D0%B0%D0%B7%D1%80%D0%B0%D0%B1%D0%BE%D1%82%D0%BA%D0%B8-%D1%81%D0%B0%D0%B9%D1%82%D0%B0?node-id=0-1&t=jfvOlvjDCKaaYChB-1
Материал,База референсов,https://www.figma.com/design/osD8kn3wqCndSVdg469CiE/%D0%A0%D0%B5%D1%84%D0%B5%D1%80%D0%B5%D0%BD%D1%81%D1%8B?t=k6atajbPQmO6ucxR-1,,,,,https://www.figma.com/design/lEV9wK2lyCvia5m6cUht2o/%D0%A0%D0%B5%D1%84%D0%B5%D1%80%D0%B5%D0%BD%D1%81%D1%8B?node-id=0-1&t=322n5DahFZjIjvjG-1
Практика 1,Практика 1. Начало работы над первым проектом - ком. лендинг,ДЗ Поток 6,,,,,
Пост 1,Начало первой недели,https://t.me/c/3549900242/21,,,,,
Мастер-класс,Выполнение практики 1. Разработка мудборда и концепций,,,,,,
,Практика по формированию плана обучения,,,,,,
,Модуль 1 - Дизайн-навыки,,,,,,
,Неделя 2 (01.09.25 - 07.09.25),,,,,,
Урок 2.1,Структура продающего лендинга,https://youtu.be/Su5DK54keOQ,https://vkvideo.ru/video-199746853_456239384?list=ln-fLJdREjzRIm6LIWPzZ,,,,
,,https://www.figma.com/board/azFwJWbwBlKEA8JX9aemhu/%D0%A1%D1%82%D1%80%D1%83%D0%BA%D1%82%D1%83%D1%80%D0%B0-%D0%BB%D0%B5%D0%BD%D0%B4%D0%B8%D0%BD%D0%B3%D0%B0?t=k6atajbPQmO6ucxR-1,,,,,https://www.figma.com/board/HRz4RvWuDqfgOnHVSf8eFI/%D0%A1%D1%82%D1%80%D1%83%D0%BA%D1%82%D1%83%D1%80%D0%B0-%D0%BB%D0%B5%D0%BD%D0%B4%D0%B8%D0%BD%D0%B3%D0%B0?node-id=0-1&t=IaDOTGyedE5nUBZG-1
Урок 2.2,Вайрфреймы,https://youtu.be/Dug8FpiNxN4?si=vrqgpLNI5k8lQVlR,https://vkvideo.ru/video-199746853_456239386?list=ln-onE6g9wPOZqVdZ0A85,,,,https://www.figma.com/design/kMpVpULOzg9ceozmHSQEBI/%D0%A1%D1%82%D1%80%D1%83%D0%BA%D1%82%D1%83%D1%80%D0%B0-%D0%BB%D0%B5%D0%BD%D0%B4%D0%B8%D0%BD%D0%B3%D0%B0---%D0%B2%D0%B0%D0%B9%D1%80%D1%84%D1%80%D0%B5%D0%B9%D0%BC%D1%8B?node-id=0-1&t=7yBAKG8rfFzF0PgT-1
,,https://www.figma.com/design/j4K9nztero1o0NnY3fFFGK/10.1-%D0%A1%D0%BE%D0%B7%D0%B4%D0%B0%D0%BD%D0%B8%D0%B5-%D0%B2%D0%B0%D0%B9%D1%80%D1%84%D1%80%D0%B5%D0%B9%D0%BC%D0%B0?t=k6atajbPQmO6ucxR-1,,,,,
Урок 2.3,"Работа с сеткой и системой отступов
",https://youtu.be/oLTUAbEtcA4,https://vkvideo.ru/video-199746853_456239385?list=ln-4y2ssZT34n7clXD6Qw,,,,https://www.figma.com/file/pDfznBpLiAUxuMIqO05eFg/8.-%D0%A0%D0%B0%D0%B1%D0%BE%D1%82%D0%B0-%D1%81-%D1%81%D0%B5%D1%82%D0%BA%D0%BE%D0%B9-%D0%B8-%D1%81%D0%B8%D1%81%D1%82%D0%B5%D0%BC%D0%BE%D0%B9-%D0%BE%D1%82%D1%81%D1%82%D1%83%D0%BF%D0%BE%D0%B2?type=design&mode=design&t=G7z1URZtW2ley0mb-1
,,https://www.figma.com/design/OEHi5ZPHx4KDdI7mTGfC8t/4.-%D0%A0%D0%B0%D0%B1%D0%BE%D1%82%D0%B0-%D1%81-%D1%81%D0%B5%D1%82%D0%BA%D0%BE%D0%B9-%D0%B8-%D1%81%D0%B8%D1%81%D1%82%D0%B5%D0%BC%D0%BE%D0%B9-%D0%BE%D1%82%D1%81%D1%82%D1%83%D0%BF%D0%BE%D0%B2?t=k6atajbPQmO6ucxR-1,,,,,
Урок 2.4,Урок 2.4 Смысловой прототип,,,,,,
Чайный урок 2.1,Midjourney,https://youtu.be/0kmVlcUFd1s,https://vkvideo.ru/video-199746853_456239389?list=ln-pYZUEEvu2mW3tY1zzL,,,,https://www.figma.com/file/PXZD9ifkrnsrmByqChGZWq/5.-%D0%A1%D0%BE%D0%B7%D0%B4%D0%B0%D0%BD%D0%B8%D0%B5-%D0%B2%D0%B0%D0%B9%D1%80%D1%84%D1%80%D0%B5%D0%B9%D0%BC%D0%B0?type=design&mode=design&t=G7z1URZtW2ley0mb-1
,,https://www.figma.com/design/l6RR4zQezXqlnKtmBHaYNN/%D0%9D%D0%B5%D0%B9%D1%80%D0%BE%D1%81%D0%B5%D1%82%D0%B8?node-id=0-1&t=SHEPADTg9lO7dUrk-1,,,,,
Чайный урок 2.2,Chat GPT,https://youtu.be/R0cRpR0QMuo,https://vkvideo.ru/video-199746853_456239388?list=ln-UDwgggEiXyWVsFXz5E,,,,
,,https://www.figma.com/design/l6RR4zQezXqlnKtmBHaYNN/%D0%9D%D0%B5%D0%B9%D1%80%D0%BE%D1%81%D0%B5%D1%82%D0%B8?node-id=0-1&t=SHEPADTg9lO7dUrk-1,,,,,https://www.figma.com/design/db8HBxrzWyjRPevv0oDrXR/%D0%9D%D0%B5%D0%B9%D1%80%D0%BE%D1%81%D0%B5%D1%82%D0%B8-%D0%B4%D0%BB%D1%8F-%D0%B2%D0%B5%D0%B1-%D0%B4%D0%B8%D0%B7%D0%B0%D0%B9%D0%BD%D0%B0?t=QlEPAvvdaq6zx1E3-1
Чайный урок 2.3,Recraft,https://youtu.be/Y4EPn6IWvOE,https://vkvideo.ru/video-199746853_456239390?list=ln-Hdr1Vldvw5K8RMo92n,,,,
,,https://www.figma.com/design/l6RR4zQezXqlnKtmBHaYNN/%D0%9D%D0%B5%D0%B9%D1%80%D0%BE%D1%81%D0%B5%D1%82%D0%B8?node-id=0-1&t=SHEPADTg9lO7dUrk-1,,,,,https://www.figma.com/design/V2vFgCtU5bAPYRlP9s9yzM/%D0%9D%D0%B5%D0%B9%D1%80%D0%BE%D1%81%D0%B5%D1%82%D0%B8?m=auto&t=RkiTojiI3G42pcVX-1
Чайный урок 2.4,Sora,https://youtu.be/eYnj9-k7xwc,https://vkvideo.ru/video-199746853_456239513?list=ln-M8MgMzpXm6t2Sj1eo3,,,,
,,,,,,,https://www.figma.com/design/V2vFgCtU5bAPYRlP9s9yzM/%D0%9D%D0%B5%D0%B9%D1%80%D0%BE%D1%81%D0%B5%D1%82%D0%B8?m=auto&t=RkiTojiI3G42pcVX-1
Чайный урок 2.6,Cursor,https://youtu.be/7YZsrrlsp9o,https://vkvideo.ru/video-199746853_456239514?list=ln-we6ZkWjVdTFKQx62xW,,,,
,,,,,,,https://www.figma.com/design/V2vFgCtU5bAPYRlP9s9yzM/%D0%9D%D0%B5%D0%B9%D1%80%D0%BE%D1%81%D0%B5%D1%82%D0%B8?m=auto&t=RkiTojiI3G42pcVX-1
Чайный урок 2.5,Создание анимированного дизайна GPT + MDJ,https://youtu.be/xd7QuSuagAo,https://vkvideo.ru/video-199746853_456239515?list=ln-d0w716rzWBzy2CDKM4,,,,
Чайный урок 2.7,Krea,,,,,,
Чайный урок 2.8,Gemini,,,,,,
Материал,Примеры вайрфреймов,https://www.figma.com/design/kMpVpULOzg9ceozmHSQEBI/%D0%A1%D1%82%D1%80%D1%83%D0%BA%D1%82%D1%83%D1%80%D0%B0-%D0%BB%D0%B5%D0%BD%D0%B4%D0%B8%D0%BD%D0%B3%D0%B0---%D0%B2%D0%B0%D0%B9%D1%80%D1%84%D1%80%D0%B5%D0%B9%D0%BC%D1%8B?t=SHEPADTg9lO7dUrk-1,,,,,
Практика 2,Практика 2. Разработка дизайна всего сайта,ДЗ Поток 6,,,,,
Мастер-класс,Выполнение практики 2. Дизайн десктопной версии сайта,,,,,,
Материал,"Методичка ""Как оплатить зарубежные сервисы в России""",https://docs.google.com/document/d/14UN1HD0c2Wb3XZWVtkDYkusRU2tuFREN0afv5VQI7nc/edit?usp=sharing,,,,,
Материал,"Методичка ""Элементы/страницы, которые должны присутствовать на большинстве сайтов""",https://narrow-thief-769.notion.site/d641979c2dff4394aeb95cfbe21d9517?pvs=4,,,,,https://www.figma.com/design/yNz7u34noKlFyJGezGRoY0/%D0%A1%D0%B0%D0%B9%D1%82-%D0%90%D1%81%D1%82%D1%80%D0%BE%D0%BB%D0%BE%D0%B3?node-id=11-99&t=rvLWNQaAQqy6Fts9-1
,Неделя 3 (09.02.26 - 15.02.26),,,,,,
Урок 3.1,Адаптив,https://youtu.be/kYk2nZPAE9g,https://vkvideo.ru/video-199746853_456239460?list=ln-oZa0qJr9f1M7viaUEz,,,,
,,https://www.figma.com/design/Lb7jAfMnrVa36dJZyz0BkP/%D0%90%D0%B4%D0%B0%D0%BF%D1%82%D0%B8%D0%B2?t=SHEPADTg9lO7dUrk-1,,,,,https://www.figma.com/file/vMIyU8K3eI3Aa2vPeftSSw/10.-%D0%90%D0%B4%D0%B0%D0%BF%D1%82%D0%B8%D0%B2?type=design&mode=design&t=G7z1URZtW2ley0mb-1
Урок 3.2,Как создавать адаптив на реальном примере,https://youtu.be/nWXVRIBbdUM,https://vkvideo.ru/video-199746853_456239461?list=ln-xXmDcRdKksLkF2tpoB,,,,
,,https://www.figma.com/design/zlBtmFe5vJzlP7TDvaF7uH/%D0%90%D0%B4%D0%B0%D0%BF%D1%82%D0%B8%D0%B2%D0%BD%D1%8B%D0%B9-%D0%B4%D0%B8%D0%B7%D0%B0%D0%B9%D0%BD?node-id=0-1&t=SmF9WZlTiFwULJRx-1,,,,,https://www.figma.com/design/Pv0AWQSvC5rza9HISjRxiG/%D0%90%D0%B4%D0%B0%D0%BF%D1%82%D0%B8%D0%B2%D0%BD%D1%8B%D0%B9-%D0%B4%D0%B8%D0%B7%D0%B0%D0%B9%D0%BD?node-id=0-1&t=RzXWopALqdbgnb78-1
Урок 3.3,AutoLayouts,https://youtu.be/LzISiWiexsY,https://vkvideo.ru/video-199746853_456239436,,,,
,,https://www.figma.com/design/TDgzJqztEflKSN7K5CoHFr/AutoLayout_Components_Multi-edit?t=QbEeBrJSDKClGbsP-1,,,,,https://www.figma.com/design/ULiP966OEN5X9LBTLj2Yxy/AutoLayout-Components-Multi-edit?node-id=2178-1013&t=DQpQof1t8qYRNL62-1
Урок 3.4,Components,https://youtu.be/FybTQy7ekIA,https://vkvideo.ru/video-199746853_456239486?list=ln-MFORwCREEAYYUUpJ1Q,,,,
,,https://www.figma.com/design/TDgzJqztEflKSN7K5CoHFr/AutoLayout_Components_Multi-edit?t=QbEeBrJSDKClGbsP-1,,,,,https://www.figma.com/design/ULiP966OEN5X9LBTLj2Yxy/AutoLayout-Components-Multi-edit?node-id=2178-1013&t=DQpQof1t8qYRNL62-1
Чайный урок 3.1,Обратная связь по работе с AL и Components,https://youtu.be/x2X7nSfVVkw,https://vkvideo.ru/video-199746853_456239520?list=ln-IXFKeUjkXIXp9BIP7K,,,,
,,https://youtu.be/rnJ2skuGn90,https://vkvideo.ru/video-199746853_456239521?list=ln-yUxjSvLdrnb9p3olgl,,,,
Чайный урок 3.2,"Отработка навыка AutoLayout и Components
",https://youtu.be/5j0qW03RkE8,https://vkvideo.ru/video-199746853_456239519?list=ln-8TEn5cYztAZvrzxt7g,,,,
,,https://www.figma.com/design/pFGINrhEAzALd2CAJk129i/%D0%9F%D1%80%D0%B0%D0%BA%D1%82%D0%B8%D0%BA%D0%B0-%D0%BF%D0%BE-AL-%D0%B8-Components?t=QbEeBrJSDKClGbsP-1,,,,,https://www.figma.com/design/qYeC6EgJnJavbXXyJ1CzPJ/%D0%9F%D1%80%D0%B0%D0%BA%D1%82%D0%B8%D0%BA%D0%B0-%D0%BF%D0%BE-AL-%D0%B8-Components?node-id=0-1&t=HVrxvKIMn61qS7mk-1
Практика 3.1 ,Разработка адаптива для комм лендинга,ДЗ Поток 6,,,,,
Доп практика,Отработка навыка AutoLayout и Components,ДЗ Поток 6,,,,,
Пост 1,Неделя 3,https://t.me/c/3549900242/22,,,,,
Пост 2,Про челлендж когда начнётся,https://t.me/c/3549900242/23,,,,,
Мастер-класс,Выполнение практики 3. Разработка адаптива,,,,,,
,Субботник,https://www.figma.com/design/qx8j6sPpVHtgDZpUbXphPY/%D0%9F%D1%80%D0%BE%D1%82%D0%BE%D1%82%D0%B8%D0%BF%D0%B8%D1%80%D0%BE%D0%B2%D0%B0%D0%BD%D0%B8%D0%B5?node-id=0-1&t=RhyHTC0DReOD7Oa7-1,,,,,
,,,,,,,
,Модуль 2 - Конструкторы,,,,,,
,Неделя 4 (16.02.26 - 22.02.26),,,,,,
Урок 4.1.1,Перенос макета на Тильду,https://youtu.be/vrjksERxej4,,,,,
,Перенос макета на Тильду,https://youtu.be/vrjksERxej4,,,,https://vkvideo.ru/video-199746853_456239464?list=ln-ZGgw3SORueEt0wOYlf,
Урок 4.1.2,Анимация Тильда,,,,,,
,     Базовая анимация на Тильде,,,,,,
,Параллакс эффект,https://youtu.be/TQ6C9gVRVXI,https://vkvideo.ru/video-199746853_456239443?list=ln-xcjIWE2pZEHY5VzSHH,,,,
,Анимация появления,https://youtu.be/RxBGt24yojI,https://vkvideo.ru/video-199746853_456239445?list=ln-3jitNaZh5ZNM8Y3xHl,,,,
,Фиксация элемента,https://youtu.be/6n2rCo28Afo,https://vkvideo.ru/video-199746853_456239446?list=ln-Hzl8EcHnTGgC97oJKJ,,,,
,     StepByStep анимация,,,,,,
,On Scroll (По скроллу),https://youtu.be/lDtfQaequ6A?si=rX6Mmw7RDUF20dmj,https://vkvideo.ru/video-199746853_456239447?list=ln-uGcr3iq992v9QwKDl6,,,,
,Element on Screen (Элемент на экране),https://youtu.be/ViMuOCwxAjo?si=q-h6uK1-6DEW0FK0,https://vkvideo.ru/video-199746853_456239448?list=ln-3FljTNk56qx4AeZqgr,,,,
,Block on Screen (Блок на экране),https://youtu.be/hwsu-KDdiIY?si=p9HF5EEWQ0Og2XmH,https://vkvideo.ru/video-199746853_456239465?list=ln-Ohzup748S3BAPKDI2P,,,,
,On click (по клику) / On hover (по ховеру) + Trigger,https://youtu.be/zIAtcblgonc?si=Bl3a27fGVT72n_1k,https://vkvideo.ru/video-199746853_456239413?list=ln-nKnDTCpizV5sxXFh30,,,,
Урок 4.1.3,Настройка Тильды перед отправкой клиенту,https://youtu.be/O5n6ZSjnZDY,https://vkvideo.ru/video-199746853_456239399?list=ln-kPcPYRvehk2lVVZaYQ,,,,
Урок 4.1.2,Доп инструментарий Тильды,,,,,,
,Работа с html кодом,https://youtu.be/ez0UkIIqLWI,https://vkvideo.ru/video-199746853_456239400,,,,
,,https://www.figma.com/design/Q9OwRpzNqU3hj5vqlouGJT/%D0%A1%D0%BA%D1%80%D0%B8%D0%BF%D1%82%D1%8B-%D0%B8-%D0%BC%D0%BE%D0%B4%D0%B8%D1%84%D0%B8%D0%BA%D0%B0%D1%86%D0%B8%D0%B8-%D0%B2-html-%D0%B1%D0%BB%D0%BE%D0%BA-%D0%B4%D0%BB%D1%8F-%D0%A2%D0%B8%D0%BB%D1%8C%D0%B4%D1%8B?t=SmF9WZlTiFwULJRx-1,,,,,https://www.figma.com/design/dCUDfITHNOYQdErp96CNuk/%D0%A1%D0%BA%D1%80%D0%B8%D0%BF%D1%82%D1%8B-%D0%B8-%D0%BC%D0%BE%D0%B4%D0%B8%D1%84%D0%B8%D0%BA%D0%B0%D1%86%D0%B8%D0%B8-%D0%B2-html-%D0%B1%D0%BB%D0%BE%D0%BA-%D0%B4%D0%BB%D1%8F-%D0%A2%D0%B8%D0%BB%D1%8C%D0%B4%D1%8B?node-id=0-1&t=xL1MaUOry1v7Vslx-1
,Личный кабинет в Тильде,https://youtu.be/E-hhmqxOa9M,https://vkvideo.ru/video-199746853_456239439?list=ln-qMYbjGd9yDVPc6Qs4V,,,,
,Работа с блогом,https://youtu.be/awgtGYX-cLc,https://vkvideo.ru/video-199746853_456239398,,,,
,Создание потоков,https://youtu.be/7agPQVNYi2U,https://vkvideo.ru/video-199746853_456239440?list=ln-4zj43YGNdZMBmoimTF,,,,
,Форма в Zero блоке,https://youtu.be/kXqIiwPlOyU,https://vkvideo.ru/video-199746853_456239441?list=ln-Bz5rTgCxYfezYdKST5,,,,
Урок 4.1.5,Доп. уроки по Тильде ,,,,,,
,Как сделать анимацию кнопки через триггер,https://youtu.be/ZwRcwovYWaw?si=w-9pPHpxYieX4jf_,https://vkvideo.ru/video-199746853_456239467?list=ln-9m7Dg7rQ1eBJ4xWSKZ,,,,
,Появление фото по таймингу,https://youtu.be/tJfQpqZbBMI?si=frTnP7XCDRh5Om8y,https://vkvideo.ru/video-199746853_456239415,,,,
,Изменение иконки маркера на картах,https://youtu.be/0GUCC1OQaRI?si=eMEabBelttPnH1Ff,https://vkvideo.ru/video-199746853_456239414,,,,
,Фиксирование на определённую дистанцию,https://youtu.be/tNlLbhaNSWc?si=O-AWmm7IPOOL_uL_,https://vkvideo.ru/video-199746853_456239466?list=ln-iWVcrg8uP2ki4yXzmN,,,,
Урок 4.2.1,"Урок 5.11 Конструктор ТапТоп, обзор интерфейса",,,,,,
,Урок 5.12 Разница между ТапТопом и Тильдой,,,,,,
,Урок 5.13 Верстаем сайт на ТапТоп,,,,,,
Материал,Шаблон политики конфиденциальности,https://dancing-otter-b022bd.netlify.app/,,,,,
Материал,Шаблон публичной оферты,https://oferta-pro.netlify.app/,,,,,
Практика 4.1,Вёрстка сайта на конструкторе,ДЗ Поток 6,,,,,
Доп практика,Копирование сайта по видео в Тильде,ДЗ Поток 6,,,,,
Пост 1,С началом недели,,,,,,
Пост 2,5 дней до челленджа (выложить в ср),https://t.me/c/3549900242/24,,,,,
Пост 3,4 дня до челленджа (выложить в чт),https://t.me/c/3549900242/25,,,,,
Пост 4,3 дня до челленджа (выложить в ст),https://t.me/c/3549900242/26,,,,,
Пост 5,2 дня до челленджа (выложить в сб),https://t.me/c/3549900242/27,,,,,
,Таблица: Аналоги Тильды,https://www.figma.com/design/Sn11LQBxOsyTWrb0VxgoxZ/%D0%90%D0%BD%D0%B0%D0%BB%D0%BE%D0%B3%D0%B8-%D0%A2%D0%B8%D0%BB%D1%8C%D0%B4%D1%8B?t=SmF9WZlTiFwULJRx-1,,,,,https://www.figma.com/design/EfcKHGO9SS0OZrsRiMfTaT/%D0%90%D0%BD%D0%B0%D0%BB%D0%BE%D0%B3%D0%B8-%D0%A2%D0%B8%D0%BB%D1%8C%D0%B4%D1%8B?node-id=0-1&t=TKYwlHPVh3zgV9kf-1
,Модуль 4. Продажи (1),,,,,,
,Неделя 5 (23.02.26 - 01.03.26),,,,,,
,Практический урок по ДЗ 4,https://youtu.be/we9EcvChrrA,https://vkvideo.ru/video-199746853_456239452?list=ln-L71E5C5mvy6biiZFWg,,,,
,Практический урок по ДЗ 2,https://youtu.be/XWi9Sx17CRI,Большой оъем возникла проблемма с скачиванием,,,,
,,,,,,,
,Практический урок по ДЗ 1,https://youtu.be/AwtRuku1yEQ,,,,,
,,https://www.figma.com/design/wRHTXQ08MpvUcv6oI9YW45/%D0%A1%D0%B0%D0%B9%D1%82-%D0%90%D1%81%D1%82%D1%80%D0%BE%D0%BB%D0%BE%D0%B3?t=k6atajbPQmO6ucxR-1,,,,,
,Практический урок по ДЗ 3,https://youtu.be/THbdkQFvKbo,Большой объем проблемма с скачивание live,,,,
,,https://www.figma.com/design/YeHH1VbHJBBOeTuD2Bvtpz/%D0%A1%D0%B0%D0%B9%D1%82-%D0%90%D1%81%D1%82%D1%80%D0%BE%D0%BB%D0%BE%D0%B3?node-id=11-99&t=bYAp34egSEkuDJ0S-1,,,,,https://www.figma.com/design/yNz7u34noKlFyJGezGRoY0/%D0%A1%D0%B0%D0%B9%D1%82-%D0%90%D1%81%D1%82%D1%80%D0%BE%D0%BB%D0%BE%D0%B3?node-id=415-2&t=tPbUzTpKgeHLjtHX-1
,Челлендж по поиску клиентов ---,,,,,,
,,,,,,,
,Вводный урок,https://www.youtube.com/watch?v=GjML2HFAFpg&ab_channel=%D0%92%D0%B5%D0%B1-%D0%B4%D0%B8%D0%B7%D0%B0%D0%B9%D0%BD%D0%B5%D1%80%D0%9A%D1%80%D1%83%D0%BF%D0%B8%D0%BD%D0%B0%D0%A2%D0%B0%D1%82%D1%8C%D1%8F%D0%BD%D0%B0,https://vkvideo.ru/video-199746853_456239429?list=ln-xHXYfvP2vPd4wUqS8W,,,,
,,https://www.figma.com/design/ijBRzkKEpLJxf0PavjsxDK/%D0%A7%D0%B5%D0%BB%D0%BB%D0%B5%D0%BD%D0%B4%D0%B6-_%D0%98%D1%89%D1%83-%D0%BA%D0%BB%D0%B8%D0%B5%D0%BD%D1%82%D0%BE%D0%B2_?t=SmF9WZlTiFwULJRx-1,,,,,https://www.figma.com/design/RiQfmNxi5HY7mMJTDBB5Sc/%D0%A7%D0%B5%D0%BB%D0%BB%D0%B5%D0%BD%D0%B4%D0%B6-%22%D0%98%D1%89%D1%83-%D0%BA%D0%BB%D0%B8%D0%B5%D0%BD%D1%82%D0%BE%D0%B2%22?node-id=0-1&t=c0RRfhXOm3g8U0ns-1
,План челленджа,https://www.figma.com/board/gmH97RP72Gtsjpk4XfMgNC/%D0%9F%D0%BB%D0%B0%D0%BD-%D1%87%D0%B5%D0%BB%D0%BB%D0%B5%D0%BD%D0%B4%D0%B6%D0%B0?t=qTV3pvD3uIyr7Itq-1,,,,,https://www.figma.com/board/XL3uOdNWEHO5x9NvrMAnNp/%D0%9F%D0%BB%D0%B0%D0%BD-%D1%87%D0%B5%D0%BB%D0%BB%D0%B5%D0%BD%D0%B4%D0%B6%D0%B0?node-id=0-1&t=U0hkALdxZowvYGRA-1
,"Воркшоп ""Как делать эффективные рассылки которые не раздражают?"" ",https://youtu.be/dZi-V2-e04w,Загрузить ,,,,
,,https://www.figma.com/design/wda3VidtSorNRdvu87d8kE/%D0%9A%D0%B0%D0%BA-%D0%B4%D0%B5%D0%BB%D0%B0%D1%82%D1%8C-%D0%BF%D0%B5%D1%80%D1%81%D0%BE%D0%BD%D0%B0%D0%BB%D0%B8%D0%B7%D0%B8%D1%80%D0%BE%D0%B2%D0%B0%D0%BD%D0%BD%D1%8B%D0%B5-%D1%80%D0%B0%D1%81%D1%81%D1%8B%D0%BB%D0%BA%D0%B8?t=qTV3pvD3uIyr7Itq-1,,,,,https://www.figma.com/design/qCXmSo90non5SL58XiYekE/%D0%9A%D0%B0%D0%BA-%D0%B4%D0%B5%D0%BB%D0%B0%D1%82%D1%8C-%D0%BF%D0%B5%D1%80%D1%81%D0%BE%D0%BD%D0%B0%D0%BB%D0%B8%D0%B7%D0%B8%D1%80%D0%BE%D0%B2%D0%B0%D0%BD%D0%BD%D1%8B%D0%B5-%D1%80%D0%B0%D1%81%D1%81%D1%8B%D0%BB%D0%BA%D0%B8?node-id=32-2&t=REuAUsRSmN83wemU-1
,Урок 5.1.1 Типы клиентов,https://youtu.be/FwWN9XXZDuw,https://vkvideo.ru/video-199746853_456239469?list=ln-W0xI87Xp6ogwtz8O7D,,,https://youtu.be/-ci41NaakBs,
,,https://www.figma.com/board/cpdXY3W98IKSnzHNgBJ4yb/%D0%A2%D0%B8%D0%BF%D1%8B-%D0%BA%D0%BB%D0%B8%D0%B5%D0%BD%D1%82%D0%BE%D0%B2?t=qTV3pvD3uIyr7Itq-1,,,,,https://www.figma.com/board/9DVxsrDuxpl63N1G8LAKVV/%D0%A2%D0%B8%D0%BF%D1%8B-%D0%BA%D0%BB%D0%B8%D0%B5%D0%BD%D1%82%D0%BE%D0%B2?node-id=0-1&t=PnkK9iWtLGFqXtS1-1
,Урок 5.1.2 Способы поиска клиентов,https://youtu.be/PW1xD_GorMc,https://vkvideo.ru/video-199746853_456239468?list=ln-m3NKwXsQLVE7kuWt6q,,,,
,,https://www.figma.com/board/IiL0ceEqvoWg0Tw9Wpu7Sz/%D0%A1%D0%BF%D0%BE%D1%81%D0%BE%D0%B1%D1%8B-%D0%BF%D0%BE%D0%B8%D1%81%D0%BA%D0%B0-%D0%BA%D0%BB%D0%B8%D0%B5%D0%BD%D1%82%D0%BE%D0%B2?t=qTV3pvD3uIyr7Itq-1,,,,,https://www.figma.com/file/0j7J9RRrVf0Lr957ERDM9d/%D0%A1%D0%BF%D0%BE%D1%81%D0%BE%D0%B1%D1%8B-%D0%BF%D0%BE%D0%B8%D1%81%D0%BA%D0%B0-%D0%BA%D0%BB%D0%B8%D0%B5%D0%BD%D1%82%D0%BE%D0%B2?type=whiteboard&t=8OBMmHvY2hAsayqs-1
,Урок 6.3 Скрипт поиска клиентов через персональную рассылку,,,,,,
,,,,,,,
,Урок 5.1.3 Формирование тарифной сетки услуг,https://youtu.be/1yuqrhXDTZM,https://vkvideo.ru/video-199746853_456239453?list=ln-5kRHuZ06awI9TqrbXC,,,,
,,https://www.figma.com/board/M49L64hatg4WNKo6Z9p9H1/%D0%A4%D0%BE%D1%80%D0%BC%D0%B8%D1%80%D0%BE%D0%B2%D0%B0%D0%BD%D0%B8%D0%B5-%D1%81%D0%B5%D1%82%D0%BA%D0%B8-%D1%83%D1%81%D0%BB%D1%83%D0%B3?node-id=0-1&t=RrgCMxr25pDi4erf-1,,,,,https://www.figma.com/file/SCvePYpiIrxjmdFZQJR8Ps/%D0%A4%D0%BE%D1%80%D0%BC%D0%B8%D1%80%D0%BE%D0%B2%D0%B0%D0%BD%D0%B8%D0%B5-%D1%81%D0%B5%D1%82%D0%BA%D0%B8-%D1%83%D1%81%D0%BB%D1%83%D0%B3?type=whiteboard&node-id=0%3A1&t=AWtUU5EZXdRo4MIO-1
,Урок 5.1.4 Коммерческое предложение,https://youtu.be/SVV9YQEg1Xo,https://vkvideo.ru/video-199746853_456239454?list=ln-7WRZhzMI4I5ZrGw3a1,,,https://www.youtube.com/watch?v=lb1zxAfgN6g&ab_channel=%D0%98%D1%80%D0%B8%D0%BD%D0%B0%D0%9F%D0%B0%D0%B2%D0%BB%D0%BE%D0%B2%D0%B0Pavlovaweb,
,,https://www.figma.com/design/rfHa8JIbwzyi51QGLb9mzV/%D0%9A%D0%BE%D0%BC%D0%BC%D0%B5%D1%80%D1%87%D0%B5%D1%81%D0%BA%D0%BE%D0%B5-%D0%BF%D1%80%D0%B5%D0%B4%D0%BB%D0%BE%D0%B6%D0%B5%D0%BD%D0%B8%D0%B5?node-id=0-1&t=QbEeBrJSDKClGbsP-1,,,,,https://www.figma.com/design/AABAGY9xKSl905mSOQA3Dy/%D0%9A%D0%BE%D0%BC%D0%BC%D0%B5%D1%80%D1%87%D0%B5%D1%81%D0%BA%D0%BE%D0%B5-%D0%BF%D1%80%D0%B5%D0%B4%D0%BB%D0%BE%D0%B6%D0%B5%D0%BD%D0%B8%D0%B5?node-id=0-1&t=RIn727tGPfM1oaaC-1
,Урок 6.3 Скрипт поиска клиентов через персональную рассылку и шаблон ТапТоп,https://www.youtube.com/watch?v=pxQLPoHeAwg,,,,,
,Урок 5.1.5 Этапы работы с клиентом,https://youtu.be/K18HUirpZ6Y,https://vkvideo.ru/video-199746853_456239455?list=ln-LlFgNsdUiKiTjzHFsJ,,,,
,,https://www.figma.com/board/aI7vObbA9FUMWfSBV8pSfM/%D0%AD%D1%82%D0%B0%D0%BF%D1%8B-%D1%80%D0%B0%D0%B1%D0%BE%D1%82%D1%8B-%D1%81-%D0%BA%D0%BB%D0%B8%D0%B5%D0%BD%D1%82%D0%BE%D0%BC?t=QbEeBrJSDKClGbsP-1,,,,,https://www.figma.com/board/eAswvfo6aFyPSEW8da7ydQ/%D0%AD%D1%82%D0%B0%D0%BF%D1%8B-%D1%80%D0%B0%D0%B1%D0%BE%D1%82%D1%8B-%D1%81-%D0%BA%D0%BB%D0%B8%D0%B5%D0%BD%D1%82%D0%BE%D0%BC?node-id=0-1&t=YQpalsnGOOPkCxHc-1
,Урок 6.1 Коммуникация с клиентами,,,,,,
,Урок 6.1.1 Маркеры проблемного клиента,https://youtu.be/GX4mk6suyfg,https://vkvideo.ru/video-199746853_456239484?list=ln-W5vrmQS0q7AQ290kB5,,,,
,,https://www.figma.com/design/WO2Sz4bVs8kIKhYIzKp8Mb/%D0%9C%D0%B0%D1%80%D0%BA%D0%B5%D1%80%D1%8B-%D0%BF%D1%80%D0%BE%D0%B1%D0%BB%D0%B5%D0%BC%D0%BD%D0%BE%D0%B3%D0%BE-%D0%BA%D0%BB%D0%B8%D0%B5%D0%BD%D1%82%D0%B0?t=QbEeBrJSDKClGbsP-1,,,,,https://www.figma.com/design/IgehSrgv4A6CK3CZ4EtESk/%D0%9C%D0%B0%D1%80%D0%BA%D0%B5%D1%80%D1%8B-%D0%BF%D1%80%D0%BE%D0%B1%D0%BB%D0%B5%D0%BC%D0%BD%D0%BE%D0%B3%D0%BE-%D0%BA%D0%BB%D0%B8%D0%B5%D0%BD%D1%82%D0%B0?node-id=0-1&t=ARzt3eHHCSIvlehQ-1
,Урок 6.1.2 Презентация решений клиенту,https://youtu.be/3NHtVBTW1Qk,https://vkvideo.ru/video-199746853_456239425,,,,
,,https://www.figma.com/design/BOoeZYoVUnKPqoWcl5JfsN/%D0%9F%D1%80%D0%B5%D0%B7%D0%B5%D0%BD%D1%82%D0%B0%D1%86%D0%B8%D1%8F-%D1%81%D0%B2%D0%BE%D0%B8%D1%85-%D1%80%D0%B5%D1%88%D0%B5%D0%BD%D0%B8%D0%B9?t=QbEeBrJSDKClGbsP-1,,,,,https://www.figma.com/file/K26lCmW8zAXeG9GQtzUIHT/%D0%9F%D1%80%D0%B5%D0%B7%D0%B5%D0%BD%D1%82%D0%B0%D1%86%D0%B8%D1%8F-%D1%81%D0%B2%D0%BE%D0%B8%D1%85-%D1%80%D0%B5%D1%88%D0%B5%D0%BD%D0%B8%D0%B9?type=design&mode=design&t=2NfatDuLxGWldxnB-1
,Урок 6.1.3 Как работать с правками клиента (и не переделывать 100 раз)?,https://youtu.be/TRxASm0pBhg,https://vkvideo.ru/video-199746853_456239426,,,,
,,https://www.figma.com/design/ecRZMINl6010Au7C583TT9/%D0%9A%D0%B0%D0%BA-%D1%80%D0%B0%D0%B1%D0%BE%D1%82%D0%B0%D1%82%D1%8C-%D1%81-%D0%BF%D1%80%D0%B0%D0%B2%D0%BA%D0%B0%D0%BC%D0%B8-%D0%BA%D0%BB%D0%B8%D0%B5%D0%BD%D1%82%D0%B0?t=QbEeBrJSDKClGbsP-1,,,,,https://www.figma.com/design/xveF4mnI6oKXRcOwMnVDku/%D0%9A%D0%B0%D0%BA-%D1%80%D0%B0%D0%B1%D0%BE%D1%82%D0%B0%D1%82%D1%8C-%D1%81-%D0%BF%D1%80%D0%B0%D0%B2%D0%BA%D0%B0%D0%BC%D0%B8-%D0%BA%D0%BB%D0%B8%D0%B5%D0%BD%D1%82%D0%B0?node-id=0-1&t=BXaOLgN841XpFkSa-1
,Урок 6.1.4 Как увеличить продажи,https://youtu.be/9ck-ToPBKJE,https://vkvideo.ru/video-199746853_456239427,,,,
,,https://www.figma.com/board/KcoXV7pWS9iDn41eqfzLnr/%D0%AD%D1%82%D0%B0%D0%BF%D1%8B-%D1%80%D0%B0%D0%B1%D0%BE%D1%82%D1%8B-%D1%81-%D0%BA%D0%BB%D0%B8%D0%B5%D0%BD%D1%82%D0%BE%D0%BC?t=QbEeBrJSDKClGbsP-1,,,,,https://www.figma.com/board/eAswvfo6aFyPSEW8da7ydQ/Untitled?node-id=0-1&t=7s6Uqtyr1LhlxU0B-1
,Бриф для клиента на разработку сайта,https://docs.google.com/document/d/1bodM5ADwTTLUYnQ36r8XfYn6LKzKpA9eSx7hWpIDtqY/edit?usp=sharing,,,,,
,"Воркшоп ""Работа с возражениями и первое касание""",https://youtu.be/VMCxIp3IhB4,Много весит для скачивания в хорошем качесте ,,,,
,"Тест ""Отработка возражений""",,,,,,
,ЭФИР Документация при ведении клиента -- мой опыт с СЗ и ИП,,,,,,
,1. Загрузка анимации из Фигмы на Беханс,,https://vkvideo.ru/video-199746853_456239457?list=ln-hxykNM7RSRMuNNmumK,,,,
,2. Анимация Premiere Pro,https://www.figma.com/design/mHHwI1JEkEMpnvyoqJPC0W/%D0%90%D0%BD%D0%B8%D0%BC%D0%B0%D1%86%D0%B8%D1%8F-%D0%BA%D0%B5%D0%B9%D1%81%D0%BE%D0%B2-%D0%BD%D0%B0-Behance-%D1%87%D0%B5%D1%80%D0%B5%D0%B7--Figma-%D0%B8-Premiere-Pro?node-id=0-1&t=5ilFYlhwT3dDBmSJ-1,https://vkvideo.ru/video-199746853_456239458?list=ln-p4T9n8yvXFUzyUl91A,,,,https://www.figma.com/file/LpybJbaSyFUWyRnKB8jYHl/%D0%90%D0%BD%D0%B8%D0%BC%D0%B0%D1%86%D0%B8%D1%8F-%D0%BA%D0%B5%D0%B9%D1%81%D0%BE%D0%B2-%D0%BD%D0%B0-Behance-%D1%87%D0%B5%D1%80%D0%B5%D0%B7--Figma-%D0%B8-Premiere-Pro?type=design&mode=design&t=K1gmaj4mvwUO8zNH-1
,Примеры КП,https://www.figma.com/board/8OKDEIAdHxLdSHHxICGN8j/%D0%9A%D0%BE%D0%BD%D1%81%D1%82%D1%80%D1%83%D0%BA%D1%82%D0%BE%D1%80-%D0%9A%D0%9F?t=QbEeBrJSDKClGbsP-1,,,,,https://www.figma.com/design/cmSonINIZvpP0czGoEuA6i/%D0%9F%D1%80%D0%B8%D0%BC%D0%B5%D1%80%D1%8B-%D0%9A%D0%9F?node-id=1-3935&t=l8Tu389y9XrFsmNz-1
,Вопросы для клиента перед формированием КП,https://docs.google.com/document/d/1r5XmwGnIOerHAASCxQXY_Ke8ar6xDv_azJG5s8_hNOU/edit?usp=sharing,,,,,
,Конструктор по формированию КП,https://www.figma.com/board/0C82fsNvvXzglYIW1uGcTn/%D0%9A%D0%BE%D0%BD%D1%81%D1%82%D1%80%D1%83%D0%BA%D1%82%D0%BE%D1%80-%D0%9A%D0%9F?t=QbEeBrJSDKClGbsP-1,,,,,https://www.figma.com/board/iX8kOxe9dKi78QdUWdxQv8/%D0%9A%D0%BE%D0%BD%D1%81%D1%82%D1%80%D1%83%D0%BA%D1%82%D0%BE%D1%80-%D0%9A%D0%9F?node-id=0-1&t=9STuVPV7upc5sumf-1
,Практика 5. Кейс по первому лендингу,ДЗ Поток 5,,,,,
Пост 1,Начало недели,,,,,,
Пост 2,Анонс эфира (выложить в среду),https://t.me/c/3549900242/29,,,,,
,Скрипт продаж и закрытия возражений,,,,,,
,Субботник. Создание КП,,,,,,
,Модуль 3. Коммуникация с клиентом (2),,,,,,
,Неделя 6 (02.03.26 - 08.03.26) ,,,,,,
,Урок 5.2 Оформление портфолио на Behance,,,,,,
,"Урок 5.2.1 Как оформлять портфолио: кейс на Behance
",https://youtu.be/jwnSe4uYm0g,https://vkvideo.ru/video-199746853_456239456?list=ln-dVExcloK5jgZLM1ZBV,,,,
,,https://www.figma.com/design/PpFA1u5BbN9aM7WZ4boZjr/%D0%9E%D1%84%D0%BE%D1%80%D0%BC%D0%BB%D0%B5%D0%BD%D0%B8%D0%B5-%D0%BA%D0%B5%D0%B9%D1%81%D0%B0-%D0%BD%D0%B0-Behance?t=QbEeBrJSDKClGbsP-1,,,,,https://www.figma.com/file/xjRBCjB5VfLbYUEYwJKOS3/%D0%9E%D1%84%D0%BE%D1%80%D0%BC%D0%BB%D0%B5%D0%BD%D0%B8%D0%B5-%D0%BA%D0%B5%D0%B9%D1%81%D0%B0-%D0%BD%D0%B0-Behance?type=design&mode=design&t=K1gmaj4mvwUO8zNH-1
,Урок 5.2.2 Анимация кейсов на Behance через  Figma / Premiere Pro,https://www.youtube.com/playlist?list=PLb6s4SDX8kEbj96sGaw7qkGM5_pqB02Am,,,,,
,Урок 6.2 Уроки по дизайн-техникам,,,,,,
,Урок 6.2.1 Стили в дизайне,https://www.figma.com/design/aKUZyRAFTq7zSaa4VeCK40/%D0%A1%D1%82%D0%B8%D0%BB%D0%B8-%D0%B2-%D0%B4%D0%B8%D0%B7%D0%B0%D0%B9%D0%BD%D0%B5?t=QbEeBrJSDKClGbsP-1,,,,,https://www.figma.com/design/oo5l4gYju6PlBLk9vECsz8/%D0%A1%D1%82%D0%B8%D0%BB%D0%B8-%D0%B2-%D0%B4%D0%B8%D0%B7%D0%B0%D0%B9%D0%BD%D0%B5?node-id=0-1&t=JBx5mnR9CwD7QX15-1
,"Урок 6.2.2 Тренды в веб-дизайне
",https://youtu.be/oyONtkqGvQ0,https://vkvideo.ru/video-199746853_456239428,,,,
,,https://www.figma.com/design/SiGdm6nHSQO06VlfZH4fRA/%D0%A2%D1%80%D0%B5%D0%BD%D0%B4%D1%8B-%D0%B2-%D0%B2%D0%B5%D0%B1-%D0%B4%D0%B8%D0%B7%D0%B0%D0%B9%D0%BD%D0%B5?t=QbEeBrJSDKClGbsP-1,,,,,https://www.figma.com/file/AeASAPuMmeEyYvB3Yuzf8B/%D0%A2%D1%80%D0%B5%D0%BD%D0%B4%D1%8B-%D0%B2-%D0%B2%D0%B5%D0%B1-%D0%B4%D0%B8%D0%B7%D0%B0%D0%B9%D0%BD%D0%B5?type=design&mode=design&t=K1gmaj4mvwUO8zNH-1
,"Урок 6.2.3 Креативные техники в создании дизайна
",https://www.figma.com/design/wWQ67eCNgOb6A49PqwgC3o/%D0%92%D0%BE%D1%80%D0%BA%D1%88%D0%BE%D0%BF.-%D0%9A%D0%B0%D0%BA-%D1%80%D0%B0%D1%81%D0%BA%D0%B0%D1%87%D0%B8%D0%B2%D0%B0%D1%82%D1%8C-%D1%84%D0%B0%D0%BD%D1%82%D0%B0%D0%B7%D0%B8%D1%8E-%D0%B4%D0%B8%D0%B7%D0%B0%D0%B9%D0%BD%D0%B5%D1%80%D1%83?t=QbEeBrJSDKClGbsP-1,,,,,https://www.figma.com/file/g3YtWwYnmc9ADP8LfVjR3x/%D0%92%D0%BE%D1%80%D0%BA%D1%88%D0%BE%D0%BF.-%D0%9A%D0%B0%D0%BA-%D1%80%D0%B0%D1%81%D0%BA%D0%B0%D1%87%D0%B8%D0%B2%D0%B0%D1%82%D1%8C-%D1%84%D0%B0%D0%BD%D1%82%D0%B0%D0%B7%D0%B8%D1%8E-%D0%B4%D0%B8%D0%B7%D0%B0%D0%B9%D0%BD%D0%B5%D1%80%D1%83?type=design&mode=design&t=Hn0Hu5NT7EagamL8-1
,,https://www.youtube.com/watch?v=eIvIyZfjMgk&ab_channel=%D0%92%D0%B5%D0%B1-%D0%B4%D0%B8%D0%B7%D0%B0%D0%B9%D0%BD%D0%B5%D1%80%D0%9A%D1%80%D1%83%D0%BF%D0%B8%D0%BD%D0%B0%D0%A2%D0%B0%D1%82%D1%8C%D1%8F%D0%BD%D0%B0,https://vkvideo.ru/video-199746853_456239459?list=ln-SdBjXHNGcFKUR9DrA6,,,,
,"Шаблон ""План-график"" работ",https://docs.google.com/spreadsheets/d/1OC-D4x5DGzSw8MGIZYqTZ3ZFGYSQaRtXAHMOoUBU--o/edit?usp=sharing,,,,,
,Шаблон Договора на разработку дизайна,https://docs.google.com/document/d/1iTNmpQnjmqLLLRTQq64Mg_pcgakbPXi6IUFDjpSKhsQ/edit?usp=sharing,,,,,
,Шаблон акта приёма-сдачи,https://docs.google.com/document/d/13xKsIA-3C1OuDF-sE6P87x3DciHHlTQmIgeDNjO78Wk/edit?usp=sharing,,,,,
,Практика 6. Начало работы над вторым лендингом,ДЗ Поток 4,,,,,
,Субботник,,,,,чтобы они по своим креативным сайтам идеи друг другу накидали,
,Модуль 5. Поиск клиентов (3),,,,,,
,Неделя 7 (28.04.25 - 04.05.25),,,,,,
,Урок 6.2 Развитие соц. сетей,https://youtu.be/7umItS1_E3g,https://vkvideo.ru/video-199746853_456239471?list=ln-dekLN9dafrjqVAPhgH,,,,
,,https://www.figma.com/design/yOvFyucHqRpAkCeXZMQn0w/%D0%9B%D0%B8%D1%87%D0%BD%D1%8B%D0%B9-%D0%B1%D1%80%D0%B5%D0%BD%D0%B4?t=QbEeBrJSDKClGbsP-1,,,,,https://www.figma.com/file/Yyze2l5TSkljMQvBimEx1b/%D0%9B%D0%B8%D1%87%D0%BD%D1%8B%D0%B9-%D0%B1%D1%80%D0%B5%D0%BD%D0%B4?type=design&node-id=0%3A1&mode=design&t=CLcpApXVPxV80pAM-1
,Ссылки с каналами и сайтами для поиска работы,https://docs.google.com/document/d/1qSh_jexQWsroqxF_2soInVezPb2hZSZfQlAWQOGJu_k/edit?usp=sharing,,,,,
,Планер для ведения блога,https://www.figma.com/board/OZzqdTz54lpn7H8E44ec88/%D0%9F%D0%BB%D0%B0%D0%BD%D0%B5%D1%80?t=QbEeBrJSDKClGbsP-1,,,,,https://www.figma.com/file/8eNVcdZ2Sci7U6V2IVKZM3/%D0%9F%D0%BB%D0%B0%D0%BD%D0%B5%D1%80?type=whiteboard&node-id=0%3A1&t=1BHwLgpetibLoUWz-1
,Идеи для контента,https://narrow-thief-769.notion.site/47e706f3deb74ba092dadbcb6e1417cf,,,,,
,"Воркшоп ""Реальный проект с бюджетом 160 тыс""",https://youtu.be/ygcMZP1-eNA,https://vkvideo.ru/video-199746853_456239472?list=ln-43EvW1kRAtlZoIWROR,,,,
,"Практика 7.1 Креативный лендинг, продолжение работы
",ДЗ Поток 4,,,,,
,Неделя 8 (08.09.25 - 14.09.25),,,,,,
,"Челлендж ""Ищу клиентов""",https://youtu.be/GjML2HFAFpg,https://vkvideo.ru/video-199746853_456239485?list=ln-oKM46jzZ40M86QGguF,,,,
,,https://www.figma.com/design/pLlhnImoayZ2opQmGpM05L/%D0%A7%D0%B5%D0%BB%D0%BB%D0%B5%D0%BD%D0%B4%D0%B6-_%D0%98%D1%89%D1%83-%D0%BA%D0%BB%D0%B8%D0%B5%D0%BD%D1%82%D0%BE%D0%B2_?t=QbEeBrJSDKClGbsP-1,,,,,https://www.figma.com/design/RiQfmNxi5HY7mMJTDBB5Sc/%D0%A7%D0%B5%D0%BB%D0%BB%D0%B5%D0%BD%D0%B4%D0%B6-%22%D0%98%D1%89%D1%83-%D0%BA%D0%BB%D0%B8%D0%B5%D0%BD%D1%82%D0%BE%D0%B2%22?node-id=0-1&t=KpGAvzuSZJFK2a0A-1
,Урок 9.1 Разбор терминов UI/UX/веб-дизайн/продуктовый дизайн,https://youtu.be/6nMB1paJxus,https://vkvideo.ru/video-199746853_456239430,,,,
,,https://www.figma.com/board/Ynvza49NjJgaIlKnI347Wt/%D0%A0%D0%B0%D0%B7%D0%BD%D0%B8%D1%86%D0%B0-%D0%BC%D0%B5%D0%B6%D0%B4%D1%83-UI_UX_%D0%B2%D0%B5%D0%B1-%D0%B4%D0%B8%D0%B7%D0%B0%D0%B9%D0%BD-%D0%B8-%D1%82.%D0%B4.?t=QbEeBrJSDKClGbsP-1,,,,,https://www.figma.com/file/qlWVqGhbGULLnvEuHNpSzs/%D0%A0%D0%B0%D0%B7%D0%BD%D0%B8%D1%86%D0%B0-%D0%BC%D0%B5%D0%B6%D0%B4%D1%83-UI%2FUX%2F%D0%B2%D0%B5%D0%B1-%D0%B4%D0%B8%D0%B7%D0%B0%D0%B9%D0%BD-%D0%B8-%D1%82.%D0%B4.?type=whiteboard&node-id=0%3A1&t=j32rvSH4tt1PBxbD-1
,Урок 9.2 UX-паттерны в дизайне,https://youtu.be/0UdZAotnX44?si=XanCcT5dy7i6Ropv,https://vkvideo.ru/video-199746853_456239473,,,,
,,https://www.figma.com/design/yiZMRBjrO5tHPRxjhRvGLh/%D0%9F%D0%B0%D1%82%D1%82%D0%B5%D1%80%D0%BD%D1%8B-%D0%B2-%D0%B2%D0%B5%D0%B1-%D0%B4%D0%B8%D0%B7%D0%B0%D0%B9%D0%BD%D0%B5?t=QbEeBrJSDKClGbsP-1,,,,,https://www.figma.com/file/mkqsAcnby8JDLEiyCF5Lub/12.2-%D0%9F%D0%B0%D1%82%D1%82%D0%B5%D1%80%D0%BD%D1%8B-%D0%B2-%D0%B2%D0%B5%D0%B1-%D0%B4%D0%B8%D0%B7%D0%B0%D0%B9%D0%BD%D0%B5?type=design&mode=design&t=wjq85aZ7aPfYuV1L-1
,Урок 9.3 Зачем дизайнеру исследования,https://youtu.be/Bb63Zrsxmjo,https://vkvideo.ru/video-199746853_456239431,,,,
,,https://www.figma.com/design/3WOgGZ00gQNAjM8u17Fssd/%D0%A0%D0%B5%D1%81%D1%91%D1%80%D1%87-%D0%BF%D1%80%D0%BE%D0%B5%D0%BA%D1%82%D0%B0?t=QbEeBrJSDKClGbsP-1,,,,,https://www.figma.com/design/SZZvFKT9Y6ieMkbtzLHiRB/%D0%A0%D0%B5%D1%81%D1%91%D1%80%D1%87-%D0%BF%D1%80%D0%BE%D0%B5%D0%BA%D1%82%D0%B0?node-id=0-1&t=CsvViIU8sHGjWffl-1
,Урок 9.4 Определение целей проекта,https://youtu.be/VYDjyqgKrMM,https://vkvideo.ru/video-199746853_456239432,,,,
,,https://www.figma.com/design/3WOgGZ00gQNAjM8u17Fssd/%D0%A0%D0%B5%D1%81%D1%91%D1%80%D1%87-%D0%BF%D1%80%D0%BE%D0%B5%D0%BA%D1%82%D0%B0?t=QbEeBrJSDKClGbsP-1,,,,,https://www.figma.com/design/SZZvFKT9Y6ieMkbtzLHiRB/%D0%A0%D0%B5%D1%81%D1%91%D1%80%D1%87-%D0%BF%D1%80%D0%BE%D0%B5%D0%BA%D1%82%D0%B0?node-id=2-3&t=TBBNHBC8p38DJ72N-1
,Урок 9.5 Гипотезы,https://youtu.be/bUIF8WwqhxQ,https://vkvideo.ru/video-199746853_456239474?list=ln-JbHCp8DjkIjJ9ProVf,,,,
,,https://www.figma.com/design/3WOgGZ00gQNAjM8u17Fssd/%D0%A0%D0%B5%D1%81%D1%91%D1%80%D1%87-%D0%BF%D1%80%D0%BE%D0%B5%D0%BA%D1%82%D0%B0?t=QbEeBrJSDKClGbsP-1,,,,,https://www.figma.com/design/SZZvFKT9Y6ieMkbtzLHiRB/%D0%A0%D0%B5%D1%81%D1%91%D1%80%D1%87-%D0%BF%D1%80%D0%BE%D0%B5%D0%BA%D1%82%D0%B0?node-id=2-4&t=CsvViIU8sHGjWffl-1
,"Тест ""Гипотезы""",https://forms.gle/RUqnmySu7W9rxBdW8,,,,,
,Урок 9.6 Виды исследований,https://youtu.be/_Ck9wyl_Iro,https://vkvideo.ru/video-199746853_456239433,,,,
,,https://www.figma.com/design/3WOgGZ00gQNAjM8u17Fssd/%D0%A0%D0%B5%D1%81%D1%91%D1%80%D1%87-%D0%BF%D1%80%D0%BE%D0%B5%D0%BA%D1%82%D0%B0?t=QbEeBrJSDKClGbsP-1,,,,,https://www.figma.com/design/SZZvFKT9Y6ieMkbtzLHiRB/%D0%A0%D0%B5%D1%81%D1%91%D1%80%D1%87-%D0%BF%D1%80%D0%BE%D0%B5%D0%BA%D1%82%D0%B0?node-id=3-10&t=TBBNHBC8p38DJ72N-1
,Сценарии по проведению исследований,https://docs.google.com/document/d/1CC8WWzQN6p1AlE3ea0FJfVgOgq-wonKiRscci_6-bz8/edit?usp=sharing,,,,,
,Какие способы исследования лучше брать начинающему дизайнеру,https://docs.google.com/document/d/1CC8WWzQN6p1AlE3ea0FJfVgOgq-wonKiRscci_6-bz8/edit?usp=sharing,,,,,
,Записи интервью,,,,,,
,Урок 9.7 Определение ЦА,https://youtu.be/2Q5t5HLliYs,https://vkvideo.ru/video-199746853_456239475?list=ln-u8AbcJaTRwCCCkpbNa,,,,
,,https://www.figma.com/design/3WOgGZ00gQNAjM8u17Fssd/%D0%A0%D0%B5%D1%81%D1%91%D1%80%D1%87-%D0%BF%D1%80%D0%BE%D0%B5%D0%BA%D1%82%D0%B0?t=QbEeBrJSDKClGbsP-1,,,,,https://www.figma.com/design/SZZvFKT9Y6ieMkbtzLHiRB/%D0%A0%D0%B5%D1%81%D1%91%D1%80%D1%87-%D0%BF%D1%80%D0%BE%D0%B5%D0%BA%D1%82%D0%B0?node-id=3-10&t=CsvViIU8sHGjWffl-1
,Тест для опеределения ЦА,https://forms.gle/4ajRBG3uLQPyWnD67,,,,,
,"Чеклист ""Определение ЦА""",https://docs.google.com/document/d/1Q14D-Uj11cyfHaKLel2-23XY4QL4q5prteW0mMj4FfI/edit?usp=sharing,,,,,
,Шаблон портрета пользователя,https://www.figma.com/design/GXl1o3EHP4OHkyywpiphuK/-%D0%A8%D0%90%D0%91%D0%9B%D0%9E%D0%9D--%D0%9F%D0%BE%D1%80%D1%82%D1%80%D0%B5%D1%82-%D0%BF%D0%BE%D0%BB%D1%8C%D0%B7%D0%BE%D0%B2%D0%B0%D1%82%D0%B5%D0%BB%D1%8F-_-%D0%9F%D0%B5%D1%80%D1%81%D0%BE%D0%BD%D0%B0?t=QbEeBrJSDKClGbsP-11,,,,,https://www.figma.com/design/GJrmT5h80yTRiHBkPR0Gro/%5B%D0%A8%D0%90%D0%91%D0%9B%D0%9E%D0%9D%5D-%D0%9F%D0%BE%D1%80%D1%82%D1%80%D0%B5%D1%82-%D0%BF%D0%BE%D0%BB%D1%8C%D0%B7%D0%BE%D0%B2%D0%B0%D1%82%D0%B5%D0%BB%D1%8F-%2F-%D0%9F%D0%B5%D1%80%D1%81%D0%BE%D0%BD%D0%B0?node-id=0-1&t=O3obY4AW4CFAlMpV-1
,Урок 9.8 Создание персон,https://youtu.be/aZkH2YwVNvc,https://vkvideo.ru/video-199746853_456239481?list=ln-l8qBI8qzkSzVb9ijJm,,,,
,,https://www.figma.com/design/3WOgGZ00gQNAjM8u17Fssd/%D0%A0%D0%B5%D1%81%D1%91%D1%80%D1%87-%D0%BF%D1%80%D0%BE%D0%B5%D0%BA%D1%82%D0%B0?t=QbEeBrJSDKClGbsP-1,,,,,https://www.figma.com/design/SZZvFKT9Y6ieMkbtzLHiRB/%D0%A0%D0%B5%D1%81%D1%91%D1%80%D1%87-%D0%BF%D1%80%D0%BE%D0%B5%D0%BA%D1%82%D0%B0?node-id=3-11&t=TBBNHBC8p38DJ72N-1
,Шаблон персон,https://www.figma.com/design/GXl1o3EHP4OHkyywpiphuK/-%D0%A8%D0%90%D0%91%D0%9B%D0%9E%D0%9D--%D0%9F%D0%BE%D1%80%D1%82%D1%80%D0%B5%D1%82-%D0%BF%D0%BE%D0%BB%D1%8C%D0%B7%D0%BE%D0%B2%D0%B0%D1%82%D0%B5%D0%BB%D1%8F-_-%D0%9F%D0%B5%D1%80%D1%81%D0%BE%D0%BD%D0%B0?t=QbEeBrJSDKClGbsP-1,,,,,https://www.figma.com/design/GJrmT5h80yTRiHBkPR0Gro/%5B%D0%A8%D0%90%D0%91%D0%9B%D0%9E%D0%9D%5D-%D0%9F%D0%BE%D1%80%D1%82%D1%80%D0%B5%D1%82-%D0%BF%D0%BE%D0%BB%D1%8C%D0%B7%D0%BE%D0%B2%D0%B0%D1%82%D0%B5%D0%BB%D1%8F-%2F-%D0%9F%D0%B5%D1%80%D1%81%D0%BE%D0%BD%D0%B0?node-id=0-1&t=O3obY4AW4CFAlMpV-1
,Урок 9.9 UX-анализ,https://youtu.be/0ujQFG9stQE,https://vkvideo.ru/video-199746853_456239434,,,,
,,https://www.figma.com/design/3WOgGZ00gQNAjM8u17Fssd/%D0%A0%D0%B5%D1%81%D1%91%D1%80%D1%87-%D0%BF%D1%80%D0%BE%D0%B5%D0%BA%D1%82%D0%B0?t=QbEeBrJSDKClGbsP-1,,,,,https://www.figma.com/design/SZZvFKT9Y6ieMkbtzLHiRB/%D0%A0%D0%B5%D1%81%D1%91%D1%80%D1%87-%D0%BF%D1%80%D0%BE%D0%B5%D0%BA%D1%82%D0%B0?node-id=2-5&t=s2JTpnrpXfCDhTQN-1
,Таблица UX-анализа,https://docs.google.com/spreadsheets/d/1VYijaTUIbcujeqoUrn-h7rz50enq49gw52i3FBFgjsk/edit?usp=sharing,,,,,
,Урок 9.10 Создание User Flow,https://youtu.be/pBFQ-Ta47AA,https://vkvideo.ru/video-199746853_456239435,,,,
,,https://www.figma.com/design/XTaouhQnlhSH3xaNnoNd0v/%D0%9F%D0%BE%D1%81%D1%82%D1%80%D0%BE%D0%B5%D0%BD%D0%B8%D0%B5-User-flow?t=QbEeBrJSDKClGbsP-1,,,,,https://www.figma.com/design/KB546kIcxBnSVzyNFIgieM/%D0%9F%D0%BE%D1%81%D1%82%D1%80%D0%BE%D0%B5%D0%BD%D0%B8%D0%B5-User-flow?node-id=0-1&t=OuO4uHHkM69D4QbC-1
,Урок 9.11 Пользовательское тестирование,https://youtu.be/jycgQj2ABrI,https://vkvideo.ru/video-199746853_456239482?list=ln-U4iF1zf6qF6Dfxk1oP,,,,
,,https://www.figma.com/design/3WOgGZ00gQNAjM8u17Fssd/%D0%A0%D0%B5%D1%81%D1%91%D1%80%D1%87-%D0%BF%D1%80%D0%BE%D0%B5%D0%BA%D1%82%D0%B0?t=QbEeBrJSDKClGbsP-1,,,,,https://www.figma.com/design/SZZvFKT9Y6ieMkbtzLHiRB/%D0%A0%D0%B5%D1%81%D1%91%D1%80%D1%87-%D0%BF%D1%80%D0%BE%D0%B5%D0%BA%D1%82%D0%B0?node-id=3-14&t=0DpBXCHFR5bxinY4-1
,Урок 9.12 Выводы по ресёрчу,https://youtu.be/rQK8WpbZQvM,https://vkvideo.ru/video-199746853_456239483?list=ln-QGQmE2azlDHjjKdAbS,,,,
,,,,,,,
,Урок 9.13 Как пользоваться Яндекс Метриками,,,,,,
,,,,,,,
,Практика 8.1 Адаптив и вёрстка креативного проекта,ДЗ Поток 5,,,,,
,Практика 8.2 Начало работы на курсовым проектом (для новичков -- многостраничник),ДЗ Поток 5,,,,придумать ТЗ не с известными компаниями а просто,
,Практика 8.2 Начало работы на курсовым проектом (для опытных -- сервис),ДЗ Поток 5,,,,,
,Воркшоп с психологом,,,,,,
,Модуль 6. Исследования,,,,,,
,Неделя 9 (05.05.25 - 11.05.25),,,,,,
,Практика 9.2 Курсовая работа: продолжение (для новичков -- многостраничник),ДЗ Поток 5,,,,,
,Практика 9.2 Курсовая работа: продолжение (для опытных -- сервис),ДЗ Поток 5,,,,,
,Модуль 7. Подготовка макет к вёрстке,,,,,,
,Неделя 10 (12.05.25 - 18.05.25),,,,,,
Урок 3.5,Мультиредактирование,https://youtu.be/Slv1YHoZpG4,https://vkvideo.ru/video-199746853_456239487?list=ln-yt3r8jc9L9WbnzhZVn,,,,
,,https://www.figma.com/design/TDgzJqztEflKSN7K5CoHFr/AutoLayout_Components_Multi-edit?t=QbEeBrJSDKClGbsP-1,,,,,https://www.figma.com/design/ULiP966OEN5X9LBTLj2Yxy/AutoLayout-Components-Multi-edit?node-id=2178-1013&t=DQpQof1t8qYRNL62-1
Урок 3.6,Интерфейс Prototype,https://youtu.be/OjqMeR1rYzw,https://vkvideo.ru/video-199746853_456239462?list=ln-1e9dTvvS61gdauuQ3j,,,,
,,https://www.figma.com/design/yyxjunXQa7tFJ4gDVz7yfr/%D0%9F%D1%80%D0%BE%D1%82%D0%BE%D1%82%D0%B8%D0%BF%D0%B8%D1%80%D0%BE%D0%B2%D0%B0%D0%BD%D0%B8%D0%B5--%D0%BD%D0%BE%D0%B2%D1%8B%D0%B9-%D0%B8%D0%BD%D1%82%D0%B5%D1%80%D1%84%D0%B5%D0%B9%D1%81-?t=SmF9WZlTiFwULJRx-1,,,,,https://www.figma.com/design/0Pc0VU4Qf0sZJx5tKxzGVX/%D0%9F%D1%80%D0%BE%D1%82%D0%BE%D1%82%D0%B8%D0%BF%D0%B8%D1%80%D0%BE%D0%B2%D0%B0%D0%BD%D0%B8%D0%B5--%D0%BD%D0%BE%D0%B2%D1%8B%D0%B9-%D0%B8%D0%BD%D1%82%D0%B5%D1%80%D1%84%D0%B5%D0%B9%D1%81--?node-id=0-1&t=zzInZpncZbTvLZs9-1
Чайный урок 3.3,Примеры работы с прототипом,https://youtu.be/MHaJYBekeko?si=9bXOEAGBLvPH0704,https://vkvideo.ru/video-199746853_456239393,,,,
,,https://www.figma.com/design/jb8XO7NQfdK43Ne1GQPXTR/%D0%9F%D1%80%D0%BE%D1%82%D0%BE%D1%82%D0%B8%D0%BF%D0%B8%D1%80%D0%BE%D0%B2%D0%B0%D0%BD%D0%B8%D0%B5?t=SmF9WZlTiFwULJRx-1,,,,,https://www.figma.com/file/ZcvsLyRfY11uVN9F0dfOOT/6.-%D0%9F%D1%80%D0%BE%D1%82%D0%BE%D1%82%D0%B8%D0%BF%D0%B8%D1%80%D0%BE%D0%B2%D0%B0%D0%BD%D0%B8%D0%B5?type=design&mode=design&t=G7z1URZtW2ley0mb-1
,Урок 10.1 Что такое UI kit и Design System,https://youtu.be/bCDR4BvIqEo,https://vkvideo.ru/video-199746853_456239479?list=ln-Ig04KrlHn4uxd8mZqo,,,,
,,https://www.figma.com/design/wsEZMWwtYxAZtSezZC93A1/%D0%A1%D0%BE%D0%B7%D0%B4%D0%B0%D0%BD%D0%B8%D0%B5-UI-kit?t=QbEeBrJSDKClGbsP-1,,,,,https://www.figma.com/file/3SAAgPtRW80WE78nzw4QOq/%D0%A1%D0%BE%D0%B7%D0%B4%D0%B0%D0%BD%D0%B8%D0%B5-UI-kit?type=design&mode=design&t=2NfatDuLxGWldxnB-1
,Урок 10.2 Как работать с документацией,https://youtu.be/TbApccHie4w,https://vkvideo.ru/video-199746853_456239437,,,,
,,https://www.figma.com/design/CJHBGt7vqOx2DUMV36MM7O/%D0%A0%D0%B0%D0%B1%D0%BE%D1%82%D0%B0-%D1%81-%D0%B4%D0%BE%D0%BA%D1%83%D0%BC%D0%B5%D0%BD%D1%82%D0%B0%D1%86%D0%B8%D0%B5%D0%B9?t=QbEeBrJSDKClGbsP-1,,,,,https://www.figma.com/design/UUFjFUp8lViaAQBgwfXxIS/%D0%A0%D0%B0%D0%B1%D0%BE%D1%82%D0%B0-%D1%81-%D0%B4%D0%BE%D0%BA%D1%83%D0%BC%D0%B5%D0%BD%D1%82%D0%B0%D1%86%D0%B8%D0%B5%D0%B9?node-id=0-1&t=uUrTQqWqYbz6NvDD-1
,Урок 10.3 Основные компоненты в UI kit,,,,,"""Кнопки, Формы и поля ввода, Навигационные элементы, Иконки и изображения
Модальные окна и уведомления
Карточки и панели
Типографика
Цветовые палитры и стили
Индикаторы загрузки и состояния
Анимации и переходы
Сетки и макеты
""",
,,,,,,,
,Урок 10.4 Создание тёмной темы через Local Variables,https://youtu.be/DVv3H55WuGo?si=Ah6TlVrmqCN_5xZ6,https://vkvideo.ru/video-199746853_456239438,,,,
,"Урок 10.4 Работа с Ui kits , обратная связь на реальном проекте",https://youtu.be/B294KGfl9f0,https://vkvideo.ru/video-199746853_456239478?list=ln-Mn6Bg7svCosCAJqhIJ,,,,
,"Урок 10.5 Что должно быть в макете при подготовке к вёрстке, разбор реального проекта",,,,,,
,Привязки,,,,,,
,Список UI kits,https://www.figma.com/design/BA5ijK6te29zHgmBf5x15X/%D1%88%D0%B0%D0%B1%D0%BB%D0%BE%D0%BD%D1%8B-%D0%B4%D0%BB%D1%8F-%D1%81%D0%BE%D0%B7%D0%B4%D0%B0%D0%BD%D0%B8%D1%8F-ui-kit?t=QbEeBrJSDKClGbsP-1,,,,,https://www.figma.com/design/ZSIU0xOcEz20HHvqASxsvt/%D1%88%D0%B0%D0%B1%D0%BB%D0%BE%D0%BD%D1%8B-%D0%B4%D0%BB%D1%8F-%D1%81%D0%BE%D0%B7%D0%B4%D0%B0%D0%BD%D0%B8%D1%8F-ui-kit?node-id=0-1&t=kve7nid3d8osoY9N-1
,Воркшоп с юристом про авторское право,https://youtu.be/IScE7A8tC3E,https://vkvideo.ru/video-199746853_456239451?list=ln-cpKWKc7tWZGUTgKPet,,,,
,Практика 10.1 Кейс по первому креативному лендингу,ДЗ Поток 5,,,,,
,"
Практика 10.2 Курсовая работа: продолжение (для новичков - многостраничник)
",ДЗ Поток 5,,,,,
,Модуль 8. Карточки МП,,,,,,
,Неделя 11 (19.05.25 - 25.05.25),,,,,,
,11.1 Что такое инфографика,https://youtu.be/fcL40VWXgbc,https://vkvideo.ru/video-199746853_456239489?list=ln-frkvONkCmynXmZbuhU,,,,
,,,,,,,
,11.2 Чеклист хорошей карточки товара,11.2 Чеклист хорошей карточки товара,https://vkvideo.ru/video-199746853_456239490?list=ln-6pMuFCaDKlstmKIrqj,,,,
,,,,,,,
,11.3 Практика ,https://youtu.be/NjjYoUrVUMg,https://vkvideo.ru/video-199746853_456239491?list=ln-Czb56OJmBLDeMkUfR2,,,,
,,,,,,,
,11.4 Где брать референсы,,,,,,
,,,,,,,
,11.5 Где брать фото (фотостоки и нейронки),,,,,,
,11.8 Нейросети,,,,,,
,11.9 Улучшение качества фото,,,,,,
,11.10 Анимация,,,,,,
,"Воркшоп с дизайнером из Яндекса ""Как устроиться в IT компанию?""",https://youtu.be/xKe7Ui52ls0,https://vkvideo.ru/video-199746853_456239492?list=ln-4rsW82dN4MUKs59HGl,,,,
,"Практика 11.1 Курсовая работа: оформление кейса
",ДЗ Поток 5,,,,,
,Практика 11.2 Карточки МП,ДЗ Поток 5,,,,,
,Субботник,ДЗ Поток 5,,,,,
,Неделя 12 (26.05.25 - 01.06.25),,,,,,
,Практика 12.1 Кейс по карточкам МП,ДЗ Поток 5,,,,,
,Практика 12.2 Кейс по курсовой работе,ДЗ Поток 5,,,,,
,"Воркшоп с психологом ""Как побороть страх общения с клиентом""",https://youtu.be/oKgmMaoigdU?si=io6eonkhojoS5hYM,https://vkvideo.ru/video-199746853_456239495?list=ln-NmavHvM5SbkHuZPKyp,,,,
,Пост в тг,https://docs.google.com/document/d/1K4ZdJJMReClspzRh7XvIdYIqXb5IBBG1JaL9ACg3aW0/edit?tab=t.0#heading=h.waxvu9kbndb0,,,,,
,Неделя 13 (02.02.25 - 08.02.25),,,,,,
,Урок 6.3 Резюме,https://youtu.be/W_ImBEK40tY,https://vkvideo.ru/video-199746853_456239498?list=ln-XRUXD2uYTD9lEzYzS9,,,,
,,,,,,,
,Советы в карьере,,,,,,
,Шаблон портфолио Behance,,,,,,
,Шаблон портфолио Notion,https://sindibaid.notion.site/UX-UI-f65c9fe8258444eba14dcf2aa54ffa26,https://www.notion.so/13e10aea65c4807b857af06685496c4d?source=copy_link,,,,
,Шаблон портфолио Figma,,,,,,
,Шаблон 1. Общие советы по развитию в веб-дизайне на ближайшие полгода ,https://www.figma.com/board/QblPUH8qiDwQJYNmV0BaRG/100--%D0%BA-%D0%BD%D0%B0-%D0%B4%D0%B8%D0%B7%D0%B0%D0%B9%D0%BD%D0%B5?t=QbEeBrJSDKClGbsP-1,,,,,https://www.figma.com/board/PzPzEGV7viN25REALPJfH5/100%2B-%D0%BA-%D0%BD%D0%B0-%D0%B4%D0%B8%D0%B7%D0%B0%D0%B9%D0%BD%D0%B5?node-id=0-1&t=y0ra1u1bwiTTTN9j-1
,Шаблон 2. Шаблон по этапам разработки дизайна от А до Я,https://www.figma.com/board/64pYSEVjYCwbonZpsaJTQm/%D0%92%D1%81%D0%B5-%D1%8D%D1%82%D0%B0%D0%BF%D1%8B-%D0%BF%D0%BE-%D1%80%D0%B0%D0%B7%D1%80%D0%B0%D0%B1%D0%BE%D1%82%D0%BA%D0%B5-%D0%B4%D0%B8%D0%B7%D0%B0%D0%B9%D0%BD%D0%B0?t=QbEeBrJSDKClGbsP-1,,,,,https://www.figma.com/board/3dqQIiQDWv9awhO0PWWjWX/%D0%92%D1%81%D0%B5-%D1%8D%D1%82%D0%B0%D0%BF%D1%8B-%D0%BF%D0%BE-%D1%80%D0%B0%D0%B7%D1%80%D0%B0%D0%B1%D0%BE%D1%82%D0%BA%D0%B5-%D0%B4%D0%B8%D0%B7%D0%B0%D0%B9%D0%BD%D0%B0?node-id=0-1&t=r73aqOWZMC7e1ANL-1
,Выпускной,,,,,,